{"cameraMode":{"drawMode":0,"name":"Shaded","section":"Shading Mode"},"sceneLighting":true,"audioPlay":false,"sceneViewState":{"m_AlwaysRefresh":false,"showFog":true,"showSkybox":true,"showFlares":true,"showImageEffects":true,"showParticleSystems":true,"showVisualEffectGraphs":true,"m_FxEnabled":true},"in2DMode":false,"pivot":{"x":-0.09187901020050049,"y":-0.5554018020629883,"z":4.078836441040039},"rotation":{"x":0.2913612425327301,"y":-0.031571149826049808,"z":0.009604526683688164,"w":0.9560681581497192},"size":12.488633155822754,"orthographic":false}